S111,MA0040
S111,MA0041
S111,MA0042
S111,MA0043
S111,MA8781
S111,MA8789
S111,MA8790
S111,MA8792
S111,MA8793
S111,MA8794
S111,MA8795
S111,MA8796
S111,MA8797
S121,AS8020
S121,AS8021
S121,AS8022
S121,AS8023
S121,AS8024
S121,AS8025
S121,AS8026
S121,AS8788
S121,AS8800
S121,AS8801
S121,AS8802
S121,AS8803
S121,AS8804
S121,AS8805
S131,AS8780
S131,AS8784
S131,AS8787
S131,AS8806
S131,AS8027
S131,AS8781
S131,AS8782
S112,MA0040
S112,MA0041
S112,MA0042
S112,MA0043
S112,MA8781
S112,MA8789
S112,MA8790
S112,MA8792
S112,MA8793
S112,MA8794
S112,MA8795
S112,MA8796
S112,MA8797
S122,AS8020
S122,AS8021
S122,AS8022
S122,AS8023
S122,AS8024
S122,AS8025
S122,AS8026
S122,AS8788
S122,AS8800
S122,AS8801
S122,AS8802
S122,AS8803
S122,AS8804
S122,AS8805
S132,AS8780
S132,AS8784
S132,AS8787
S132,AS8806
S132,AS8027
S132,AS8781
S132,AS8782
S211,AS8008
S211,AS8009
S211,AS8317
S211,AS8010
S211,AS8011
S211,AS8301
S211,AS8303
S211,AS8654
S211,AS8655
S211,AS8656
S211,AS8657
S211,AS8012
S212,AS8001
S212,AS8002
S212,AS8003
S212,AS8007
S212,AS8004
S212,AS8005
S212,AS8006
S212,AS8014
S212,AS8013
S212,AS8015
S213,PR8011
S213,PR8012
S213,PR8013
S213,PR8014
S221,AS0150
S221,AS0153
S221,AS8602
S221,AS8603
S221,AS8763
S221,AS8786
S222,AS0150
S222,AS0153
S222,AS8602
S222,AS8603
S222,AS8763
S222,AS8786
S231,AS0156
S231,AS0158
S231,AS0155
S231,AS0157
S231,AS0159
S231,AS0160
S231,AS0161
S231,AS0162
S231,AS0163
S231,AS8040
S311,AS8752
S311,AS8753
S311,AS8742
S311,AS8743
S311,AS8746
S311,AS8748
S321,AS8900
S321,AS8902
S321,AS8903
S321,AS8906
S321,AS8904
S321,AS8907
S321,AS8909
S321,AS8910
S321,AS8601
S321,AS8605
S321,AS8609
S321,AS8606
S331,AS8731
S331,AS8733
S331,AS8744
S331,AS8749
S331,AS0141
S331,AS0143
S331,AS0146
S331,AS0149
S331,AS0170
S331,AS0131
S331,AS0130
S333,AS0142
S333,AS8783
S333,AS0144
S333,AS8032
S333,AS8033
S333,AS8035
S333,AS8034
S333,AS8036
S333,AS8760
S333,AS8761
S333,AS8778
S312,AS8752
S312,AS8753
S312,AS8742
S312,AS8743
S312,AS8746
S312,AS8748
S322,AS8900
S322,AS8902
S322,AS8903
S322,AS8906
S322,AS8904
S322,AS8907
S322,AS8909
S322,AS8910
S322,AS8601
S322,AS8605
S322,AS8609
S322,AS8606
S332,AS8731
S332,AS8733
S332,AS8744
S332,AS8749
S332,AS0141
S332,AS0143
S332,AS0146
S332,AS0149
S332,AS0170
S332,AS0131
S332,AS0130
S334,AS0142
S334,AS8783
S334,AS0144
S334,AS8032
S334,AS8033
S334,AS8035
S334,AS8034
S334,AS8036
S334,AS8760
S334,AS8761
S334,AS8778
S313,AS8752
S313,AS8753
S313,AS8742
S313,AS8743
S313,AS8746
S313,AS8748
S323,AS8900
S323,AS8902
S323,AS8903
S323,AS8906
S323,AS8904
S323,AS8907
S323,AS8909
S323,AS8910
S323,AS8601
S323,AS8605
S323,AS8609
S323,AS8606
S411,AS8740
S411,AS8905
S412,AS8908
S412,AS0151
S412,AS8790
S421,AS8754
S421,AS145
S421,AS8764
S422,AS8747
S422,AS8751
S423,AS8745
S423,AS8789
S431,AS8711
S431,AS8712
S431,AS8717
S431,AS8714
S432,AS8713
S432,AS8715
S432,AS8716
S432,AS8718
S432,AS8719
S433,AS8720
S433,AS8724
S433,AS8721
S433,AS8722
S433,AS8723
S433,AS8725
S511,AS8070
S511,AS8071
S512,AS8050
S512,AS8051
S512,AS8059
S512,AS8061
S512,AS8064
S512,AS8065
S513,AS8074
S513,AS8075
S513,AS8078
S513,AS8079
S521,AS8052
S521,AS8053
S521,AS8054
S521,AS8055
S521,AS8056
S523,AS8057
S523,AS8058
S523,AS8062
S523,AS8063
S522,AS8052
S522,AS8053
S522,AS8054
S522,AS8055
S522,AS8056
S524,AS8057
S524,AS8058
S524,AS8062
S524,AS8063
S531,AS8060
S611,AS8028
S611,AS8029
S611,AS8030
S611,AS8031
S611,AS8779
S611,AS8043
S611,AS8044
S611,AS8045
S611,AS8046
S611,AS8047
S611,AS8048
S611,AS8081
S611,AS8082
S611,AS8083
S611,AS8084
S611,AS8089
S612,AS8028
S612,AS8029
S612,AS8030
S612,AS8031
S612,AS8779
S612,AS8043
S612,AS8044
S612,AS8045
S612,AS8046
S612,AS8047
S612,AS8048
S612,AS8081
S612,AS8082
S612,AS8083
S612,AS8084
S612,AS8089
S621,AS8028
S621,AS8029
S621,AS8030
S621,AS8031
S621,AS8779
S621,AS8043
S621,AS8044
S621,AS8045
S621,AS8046
S621,AS8047
S621,AS8048
S621,AS8081
S621,AS8082
S621,AS8083
S621,AS8084
S621,AS8089
S622,AS8028
S622,AS8029
S622,AS8030
S622,AS8031
S622,AS8779
S622,AS8043
S622,AS8044
S622,AS8045
S622,AS8046
S622,AS8047
S622,AS8048
S622,AS8081
S622,AS8082
S622,AS8083
S622,AS8084
S622,AS8089
S631,AS8607
S631,AS0154
S631,AS8608
S632,AS0171
S632,AS0172
S632,AS0173
S633,AS8610
S633,AS8611
S633,AS8613
S633,AS8612
S633,AS8614
S641,AS8073
S641,AS8072
S641,AS8080
S642,AS8076
S642,AS8077
